<?xml version="1.0" encoding="UTF-8"?>
<EmailTemplate xmlns="http://soap.sforce.com/2006/04/metadata">
    <available>true</available>
    <encodingKey>UTF-8</encodingKey>
    <name>Privacy Act Notice Contact Tracing</name>
    <style>none</style>
    <subject>Privacy Act Notice – COVID Contact Tracing</subject>
    <textOnly>Dear {!Contact.Name},

The health and safety of our community remains our top priority. For additional information related to COVID-19, contact tracing and how to slow the spread of the virus please visit the Centers for Disease Control and Prevention (CDC) website at https://www.cdc.gov/coronavirus/2019-ncov/php/open-america/key-resources.html

Privacy Act Notice

Information collected during Contact Tracing activities is authorized by 5 USC, §7901; 51 U.S.C., §20113(a); 44 U.S.C., §3101. It will be maintained in the Privacy Act System of Records Health Information Management System. The information will be used to determine whether you may have been exposed to the COVID-19 virus and to trace your interactions across the community for identifying possible points of exposure. Failure to provide the requested information may result in potential increased exposure of your colleagues to the virus.

We may share this information for authorized purposes with (1) private or other government health care providers or agencies for referral or special program responsibilities, and (2) other entities outlined under Appendix B standard routine uses for all systems of records.

Elaboration and conditions of information disclosure may be found under “Routine Uses” of the full System of Records Notice at www.website.gov and in Appendix B at www.website.gov.

If you have any additional questions or concerns, please contact your Center Clinic:

Center    Clinic Phone #
Location 1    555-555-5555
Location 2     444-444-4444</textOnly>
    <type>custom</type>
    <uiType>Aloha</uiType>
</EmailTemplate>
